Country,Count
Iraq,2466
Afghanistan,1413
India,966
Pakistan,719
Philippines,692
Somalia,614
Nigeria,484
Nepal,247
Syria,243
Yemen,226
Egypt,224
Libya,190
Turkey,181
Thailand,179
Democratic Republic of the Congo,142
Mali,141
United Kingdom,122
Colombia,117
Myanmar,115
Sudan,106
Kenya,97
Cameroon,94
West Bank and Gaza Strip,83
United States,65
Ukraine,61
South Sudan,54
Saudi Arabia,54
Central African Republic,43
Greece,43
Bangladesh,41
Sri Lanka,41
France,41
Russia,33
Israel,32
Burkina Faso,32
South Africa,29
Ethiopia,27
Indonesia,27
Germany,27
Lebanon,23
Burundi,21
Bahrain,21
Mexico,20
Sweden,18
Venezuela,17
Ireland,17
Algeria,14
Niger,13
Ivory Coast,13
Uganda,13
Canada,12
Chile,12
Mozambique,11
Iran,11
Paraguay,10
Peru,8
Kosovo,8
Jordan,8
Italy,8
Papua New Guinea,8
Tanzania,6
Chad,6
Angola,6
China,6
Gabon,4
Spain,4
Malaysia,4
Tunisia,4
Australia,4
Sierra Leone,3
Czech Republic,3
Ecuador,3
Zimbabwe,3
Belgium,3
Malta,3
Argentina,3
Brazil,2
Zambia,2
Finland,2
Maldives,2
Jamaica,2
Rwanda,2
Azerbaijan,2
Kyrgyzstan,2
Tajikistan,2
Vietnam,2
Dominican Republic,1
Serbia,1
Honduras,1
Latvia,1
Austria,1
Taiwan,1
Netherlands,1
Poland,1
Djibouti,1
Albania,1
Georgia,1
Norway,1
Malawi,1
Laos,1
Macedonia,1
Liberia,1
